id,first_name,last_name,email,gender,car,job,favourite_film
1,Nara,Sarle,nsarle0@craigslist.org,Male,Opel,Geologist II,Drama
2,Rodrique,Karleman,rkarleman1@google.cn,Female,Opel,VP Quality Control,Thriller
3,Dahlia,Hissett,dhissett2@dagondesign.com,Agender,Ford,Chemical Engineer,Thriller
4,Dorelia,Jakolevitch,djakolevitch3@ask.com,Non-binary,Renault,Mechanical Systems Engineer,Drama
5,Ricki,Hauch,rhauch4@sciencedirect.com,Female,Opel,Recruiting Manager,Comedy
6,Cole,Lyal,clyal5@china.com.cn,Non-binary,Renault,Health Coach II,Comedy
7,Clarke,Smewing,csmewing6@go.com,Male,Renault,Sales Representative,Comedy
8,Tedman,Townson,ttownson7@state.tx.us,Female,Renault,Research Associate,Thriller
9,Teodorico,Lentsch,tlentsch8@scientificamerican.com,Polygender,Renault,Environmental Tech,Drama
10,Tyne,Scarrisbrick,tscarrisbrick9@amazon.co.uk,Agender,Opel,Research Assistant III,Thriller
11,Silva,Bilham,sbilhama@google.com.au,Male,Opel,Environmental Specialist,Drama
12,Thaine,Craigie,tcraigieb@cnet.com,Non-binary,Fiat,Computer Systems Analyst II,Thriller
13,Packston,Krause,pkrausec@bloglines.com,Genderqueer,Renault,Senior Sales Associate,Thriller
14,Bernadina,Springthorpe,bspringthorped@nasa.gov,Polygender,Fiat,Account Coordinator,Horror
15,Valeria,Woolf,vwoolfe@paypal.com,Bigender,Opel,Speech Pathologist,Comedy
16,Corilla,Tebbett,ctebbettf@discuz.net,Agender,Renault,Electrical Engineer,Drama
17,Sheela,Frayne,sfrayneg@discovery.com,Non-binary,Renault,Senior Quality Engineer,Thriller
18,Charmian,Pessler,cpesslerh@hc360.com,Bigender,Opel,Associate Professor,Comedy
19,Franz,Abramowsky,fabramowskyi@timesonline.co.uk,Female,Renault,Budget/Accounting Analyst II,Thriller
20,Lyssa,Scholar,lscholarj@nps.gov,Polygender,Renault,Recruiting Manager,Thriller
